{"chunk_definitions":[{"row":28,"row_count":1,"visible":true,"expansion_state":0,"options":{"engine":"r","include":false,"label":"unnamed-chunk-27","dev":"png"},"document_id":"E18B75D9","chunk_id":"cjvw110x2t8b1","chunk_label":"unnamed-chunk-1"},{"row":46,"row_count":1,"visible":true,"expansion_state":0,"options":{"engine":"r","echo":false,"label":"unnamed-chunk-3","dev":"png"},"document_id":"E18B75D9","chunk_id":"ceilznaccducn","chunk_label":"unnamed-chunk-2"},{"row":120,"row_count":1,"visible":true,"expansion_state":0,"options":{"engine":"r","include":false,"label":"unnamed-chunk-29","dev":"png"},"document_id":"E18B75D9","chunk_id":"cz0z2cogyy4p3","chunk_label":"unnamed-chunk-3"},{"row":144,"row_count":1,"visible":true,"expansion_state":0,"options":{"engine":"r","echo":false,"label":"unnamed-chunk-30","dev":"png"},"document_id":"E18B75D9","chunk_id":"c047s4ktei706","chunk_label":"unnamed-chunk-5"},{"row":208,"row_count":1,"visible":true,"expansion_state":0,"options":{"engine":"r","echo":false,"label":"unnamed-chunk-46","dev":"png"},"document_id":"E18B75D9","chunk_id":"c5jjox0l46sld","chunk_label":"unnamed-chunk-8"},{"row":167,"row_count":1,"visible":true,"expansion_state":0,"options":{"engine":"r","echo":false,"label":"unnamed-chunk-23","dev":"png"},"document_id":"E18B75D9","chunk_id":"cyi489b28s7u3","chunk_label":"unnamed-chunk-6"},{"row":183,"row_count":1,"visible":true,"expansion_state":0,"options":{"engine":"r","echo":false,"label":"unnamed-chunk-47","dev":"png"},"document_id":"E18B75D9","chunk_id":"ctkp6ev3ji0at","chunk_label":"unnamed-chunk-7"}],"doc_write_time":1737314511,"chunk_rendered_width":661}