"0","df_full_filtered %>% "
"0","  ungroup() %>% "
"0","  select(los) %>% "
"0","  pivot_longer("
"0","    cols = everything(),"
"0","    values_to = ""Values"","
"0","    names_to = ""Variables"""
"0","  ) %>% "
"0","  group_by(Variables) %>% "
"0","   summarise("
"0","    Min = min(Values),"
"0","    p10 = quantile(Values, 0.1),"
"0","    p25 = quantile(Values, 0.25),"
"0","    p50 = quantile(Values, 0.50),"
"0","    Mean = mean(Values),"
"0","    p75 = quantile(Values, 0.75),"
"0","    p90 = quantile(Values, 0.90),"
"0","    Max = max(Values)"
"0","  ) %>%"
"0","  kable(label = ""Distribution of length of stay"")"
"2","Registered S3 methods overwritten by 'htmltools':
  method               from         
  print.html           tools:rstudio
  print.shiny.tag      tools:rstudio
  print.shiny.tag.list tools:rstudio
"
"2","Registered S3 method overwritten by 'rmarkdown':
  method         from
  print.paged_df     
"
