{"chunk_definitions":[{"row":27,"row_count":1,"visible":true,"expansion_state":0,"options":{"engine":"r","include":false,"label":"unnamed-chunk-4","dev":"png"},"document_id":"E18B75D9","chunk_id":"cjvw110x2t8b1","chunk_label":"unnamed-chunk-1"},{"row":45,"row_count":1,"visible":true,"expansion_state":0,"options":{"engine":"r","echo":false,"label":"unnamed-chunk-3","dev":"png"},"document_id":"E18B75D9","chunk_id":"ceilznaccducn","chunk_label":"unnamed-chunk-2"},{"row":96,"row_count":1,"visible":true,"expansion_state":0,"options":{"engine":"r","include":false,"label":"unnamed-chunk-126","dev":"png"},"document_id":"E18B75D9","chunk_id":"cz0z2cogyy4p3","chunk_label":"unnamed-chunk-3"},{"row":106,"row_count":1,"visible":true,"expansion_state":0,"options":{"engine":"r","label":"unnamed-chunk-131","dev":"png"},"document_id":"E18B75D9","chunk_id":"clbstot8txfgv","chunk_label":"unnamed-chunk-5"}],"doc_write_time":1736974868}