diagnostic,complexity
BBR6,9
KIO70,10
PRN65,4
NGH4,6
DKL67,7
PPM68,8
MMDZ7,8
AA5,3
AA6,6
PAZE4,6
CV6,3
FA1,1
EZ6,2
PQL5,8
AE44,4
MMP5,6
KSI8,5
CZ4,3
JKL5,6
NVBE5,7
PXM45,10
BA8,6
KFNG5,7
BBMO8,4
PFL4,7
PTM8,4
PMZ684,8
PIM1,6
JKL8,3
AYU4,4
JKL32,10
AZ66,6
LRM5,10
PQS2,7
AM42,8
CLL32,8
PAM6,2
FLE4,7
AOA01,10
POM56,3
BRT4,3
NFH5,4
LQO4,3
AMO6,1
AMS7,5
BAD4,3
QLK5,6
CC3,4
ORJE7,8
DD320,5
AEO7,3
JKL2,1
PCM4,1
HHZIO7,7
PAM94,9
ZA6,2
CBE4,4
PSL66,10
JFIR4,6
HHGE1,1
URYH7,3
AE9,2
LLR6,5
AC7,7
JRRK5,7
AZDL45,1
BKR5,10
PRM6,2
NFE4,10
AE6,5
BD2,4
EZ4,5
AAE32,5
JHL3,4
POM2,7
JTL6,2
KFN22,10
MEL2,9
JKL22,5
BQM1,8
LEN5,2
KSI4,1
AVO85,2
OITN5,2
ORLR6,9
MLN4,1
MMP4,8
PQLZ6,5
PAL4,8
POM7,5
OZI34,9
APDS5,10
LFKR6,9
AOZ11,9
BCZE6,1
EAEZ5,1
ALE5,9
PSN65,9
MLK48,2
JVL10,9
