{"chunk_definitions":[{"row":27,"row_count":1,"visible":true,"expansion_state":0,"options":{"engine":"r","include":false,"label":"unnamed-chunk-1","dev":"png"},"document_id":"E18B75D9","chunk_id":"cjvw110x2t8b1","chunk_label":"unnamed-chunk-1"},{"row":45,"row_count":1,"visible":true,"expansion_state":0,"options":{"engine":"r","echo":false,"label":"unnamed-chunk-3","dev":"png"},"document_id":"E18B75D9","chunk_id":"ceilznaccducn","chunk_label":"unnamed-chunk-2"},{"row":97,"row_count":1,"visible":true,"expansion_state":0,"options":{"engine":"r","include":false,"label":"unnamed-chunk-29","dev":"png"},"document_id":"E18B75D9","chunk_id":"cz0z2cogyy4p3","chunk_label":"unnamed-chunk-3"},{"row":142,"row_count":1,"visible":true,"expansion_state":0,"options":{"engine":"r","label":"unnamed-chunk-31","dev":"png"},"document_id":"E18B75D9","chunk_id":"c5jjox0l46sld","chunk_label":"unnamed-chunk-6"},{"row":114,"row_count":1,"visible":true,"expansion_state":0,"options":{"engine":"r","label":"unnamed-chunk-35","dev":"png"},"document_id":"E18B75D9","chunk_id":"c047s4ktei706","chunk_label":"unnamed-chunk-5"}],"doc_write_time":1736978106,"chunk_rendered_width":661}